{
  "mae": 0.193822,
  "rmse": 0.221769,
  "r2": -0.005795,
  "n_matched": 423
}