{
  "mae": 0.184087,
  "rmse": 0.210208,
  "r2": 0.109856,
  "n_matched": 561
}