{
  "mae": 0.185629,
  "rmse": 0.212276,
  "r2": 0.096496,
  "n_matched": 329
}