{
  "mae": 0.158076,
  "rmse": 0.19212,
  "r2": 0.256943,
  "n_matched": 701
}