{
  "mae": 0.19995,
  "rmse": 0.223732,
  "r2": -0.001117,
  "n_matched": 276
}