{
  "mae": 0.158896,
  "rmse": 0.190586,
  "r2": 0.262212,
  "n_matched": 644
}