{
  "mae": 0.168032,
  "rmse": 0.198764,
  "r2": 0.199109,
  "n_matched": 497
}