{
  "mae": 0.181438,
  "rmse": 0.213029,
  "r2": 0.085242,
  "n_matched": 700
}