{
  "mae": 0.155788,
  "rmse": 0.196935,
  "r2": 0.213631,
  "n_matched": 754
}