{
  "mae": 0.120472,
  "rmse": 0.151909,
  "r2": 0.537497,
  "n_matched": 806
}