{
  "mae": 0.200107,
  "rmse": 0.224277,
  "r2": -0.00604,
  "n_matched": 302
}