{
  "mae": 0.166688,
  "rmse": 0.204578,
  "r2": 0.16294,
  "n_matched": 778
}