{
  "mae": 0.199006,
  "rmse": 0.224525,
  "r2": -0.012938,
  "n_matched": 465
}