{
  "mae": 0.167376,
  "rmse": 0.200139,
  "r2": 0.179137,
  "n_matched": 670
}