{
  "mae": 0.156329,
  "rmse": 0.198334,
  "r2": 0.20616,
  "n_matched": 708
}