{
  "mae": 0.172377,
  "rmse": 0.205892,
  "r2": 0.148399,
  "n_matched": 613
}