{
  "mae": 0.177092,
  "rmse": 0.209767,
  "r2": 0.083877,
  "n_matched": 574
}