{
  "mae": 0.1447,
  "rmse": 0.179585,
  "r2": 0.351805,
  "n_matched": 732
}