mae,rmse,r2,n
0.152544,0.190993,0.256065,491
