mae,rmse,r2,n
0.243689,0.305013,-0.927986,397
