{
  "mae": 0.196626,
  "rmse": 0.222511,
  "r2": 0.022642,
  "n_matched": 334
}