{
  "mae": 0.185199,
  "rmse": 0.216949,
  "r2": 0.059508,
  "n_matched": 547
}