{
  "mae": 0.157673,
  "rmse": 0.198182,
  "r2": 0.209162,
  "n_matched": 537
}