{
  "mae": 0.180197,
  "rmse": 0.224606,
  "r2": -0.01863,
  "n_matched": 682
}