{
  "mae": 0.167888,
  "rmse": 0.20611,
  "r2": 0.127378,
  "n_matched": 403
}